track,date,race,post_position,horse_name,race_back,age_sex_restrictions,alt_comment_line,bris_2f_pace_fig,bris_4f_pace_fig,bris_6f_pace_fig,bris_late_pace_fig,bris_race_shape_first_call,bris_race_shape_second_call,bris_speed_rating,bris_track_code,claiming_price,days_since_prev_race,distance,eqb_abbrev_race_conditions,equipment,extended_start_comment,favorite_indicator,final_time,finish_between_lengths,finish_between_lengths_only,finish_position,first_call_between_lengths,first_call_between_lengths_only,first_call_position,fraction_1,fraction_2,fraction_2f,fraction_3,fraction_4f,fraction_5f,fraction_6f,fraction_8f,front_bandages_indicator,gate_call_position,jockey,medication,money_position,num_entrants,odds,pp_post_position,prev_all_weather_surface_flag,purse,race_classification,race_date,race_name,race_num,race_type,second_call_between_lengths,second_call_between_lengths_only,second_call_position,second_place_margin,second_place_name,second_place_weight,speed_rating,start_call_between_lengths,start_call_between_lengths_only,start_call_position,statebred_flag,stretch_between_lengths,stretch_between_lengths_only,stretch_position,surface,third_place_margin,third_place_name,third_place_weight,track_code,track_condition,track_variant,trainer,trip_comment,weight,winner_margin,winner_name,winner_weight
CD,2026-05-02,12,1,RENEGADE,1,BON,,79,80,81,109,-3,-7,97,OP,,49,1980,ArkDerby-G1,,03-28-26 Brk with field; unhurried near back;4w burst 1/4; drift;strongly,1,109.70,4.00,,1,4.00,4.00,8,47.8,72.52,23.25,97.86,47.80,,72.52,97.86,0,5,ORTIZ IRAD JR,0,1,8,1.00,6,,1500000,ArkDerby-G1,20260328,Arkansas Derby,13,G1,4.25,4.25,7,2.00,SILENT TACTIC,124,96,4.50,4.50,7,,0.50,0.50,3,D,1.25,TAPTASTIC,121,OP,FT,10,PLETCHER TODD A,4wburst1/4;drift;clear,124,4.00,RENEGADE,124
CD,2026-05-02,12,1,RENEGADE,2,BON,,74,70,80,111,-10,-13,97,TAM,,63,1870,SFDavisL250k,,02-07-26 3p1st;off pace;4p2nd;bid3/8;duel;kick clear,1,103.54,3.75,,1,5.50,5.50,8,23.8,48.3,23.80,72.81,48.30,,72.81,97.57,0,8,ORTIZ IRAD JR,0,1,9,1.20,6,,250000,SFDavisL250k,20260207,Sam F. Davis S.,11,N,1.75,1.75,6,2.25,WAYNE'S LAW,122,89,6.75,6.75,8,,0.13,,1,D,1.75,THE PUMA,122,TAM,FT,9,PLETCHER TODD A,4p;bid3/8;duel;clr,122,3.75,RENEGADE,122
CD,2026-05-02,12,1,RENEGADE,3,AON,,88,95,103,85,12,6,96,AQU,,50,1980,Remsen-G2,,12-06-25 Brk in st; 3w 1st turn; chased 5-4w; 6w upper; dug in; fought on,0,110.97,2.00,2.00,2,3.75,3.75,6,47.47,72.53,23.32,98.25,47.47,,72.53,98.25,0,6,ORTIZ IRAD JR,0,2,11,2.97,9,,250000,Remsen-G2,20251206,Remsen S.,9,G2,0.25,0.25,3,1.50,RENEGADE,118,83,4.25,4.25,7,,0.50,0.50,3,D,3.50,BALBOA,122,AQU,FT,12,PLETCHER TODD A,3w 1st turn; fought on,118,2.00,PALADIN,118
CD,2026-05-02,12,1,RENEGADE,4,AON,(Placed 2nd through disqualification),79,82,80,104,0,-8,91,BAQ,,62,1760,MdSpWt,,10-17-25 Settled 2p; inside turn; split 1/8; came out late; leaned;bmpd;up,0,96.11,0.13,,1,3.25,3.25,6,23.2,46.48,23.20,71.93,46.48,,71.93,,0,6,VELAZQUEZ J R,0,2,7,4.93,2,,85000,MdSpWt,20251017,,5,S,1.50,1.50,3,5.25,PALADIN,119,87,4.75,4.75,6,,1.00,1.00,3,D,0.75,CREDIT HISTORY,119,BAQ,FT,18,PLETCHER TODD A,Split1/8;lean;bmpd foe,119,0.13,RENEGADE,119
CD,2026-05-02,12,1,RENEGADE,5,AON,,92,95,,66,0,0,72,SAR,,,1430,MdSpWt,,08-16-25 Coaxed st; chased 2p; coaxed ins 5/16; 2w 1/4p; improved,0,75.63,18.25,18.25,3,2.50,2.50,3,21.99,44.78,21.99,69.04,44.78,,69.04,,0,8,ORTIZ IRAD JR,0,3,9,5.90,1,,100000,MdSpWt,20250816,,7,S,5.00,5.00,4,0.50,HERO DECLARED,119,77,,,8,,17.00,17.00,4,D,0.06,RENEGADE,119,SAR,FT,11,PLETCHER TODD A,Chased 2p; improved,119,17.75,IT'S OUR TIME,119
CD,2026-05-02,12,10,WONDER DEAN,1,BON,,,,,,,,,MEY,,42,2078,Uae Derby-G2,,,0,119.19,2.50,,1,,,,,,,,,,,,0,,*DEMURO C,0,1,11,0.00,0,,1000000,Uae Derby-G2,20260328,UAE DERBY,3,G2,,,,6.00,SIX SPEED,126,0,,,,,,,,D,5.00,PYROMANCER,126,MEY,FT,0,*TAKAYANAGI DAISUKE,,126,2.50,WONDER DEAN,126
CD,2026-05-02,12,10,WONDER DEAN,2,BON,,,,,,,,,KAR,,56,1750,Saudidbyg3-G3,,,0,98.45,4.50,4.50,4,2.50,2.50,6,,,,,,,,,0,7,*MURPHY OISIN,0,4,14,0.00,7,,1500000,Saudidbyg3-G3,20260214,Saudi Derby Presented By ZOOD Realty,4,G3,1.00,1.00,6,0.75,OBLITERATION,126,0,,,10,,,,5,D,2.50,SATONO VOYAGE,126,KAR,FT,0,*TAKAYANAGI DAISUKE,,126,1.25,AL HARAM,126
CD,2026-05-02,12,10,WONDER DEAN,3,AON,,,,,,,,,HSN,,48,1968,Pnstt S.193k,,,0,112.60,0.50,0.50,2,,,,,,,,,,,,0,,*GEROUX F,0,2,10,2.10,9,,192743,Pnstt S.193k,20251220,Poinsettia S.,9,N,,,,3.00,WONDER DEAN,123,0,,,,,,,,D,2.00,SEIZE THE THRONE,123,HSN,FT,0,*TAKAYANAGI D.,,123,0.50,ROCK PTARMIGAN,123
CD,2026-05-02,12,10,WONDER DEAN,4,AON,,,,,,,,,KYO,,49,1968,Mochinoki137k,,,0,111.60,0.50,0.50,2,,,,,,,,,,,,0,,*SAMESHIMA K,0,2,16,3.20,9,,137046,Mochinoki137k,20251102,Mochinoki Sho,9,N,,,,0.13,WONDER DEAN,123,0,,,,,,,,D,0.06,BOKU MADA NEMUIYO,123,KYO,GD,0,*TAKAYANAGI D.,,123,0.50,PYROMANCER,123
CD,2026-05-02,12,10,WONDER DEAN,5,AON,,,,,,,,,NAK,,64,1968,MdSpWt,,,0,113.80,8.00,,1,,,,,,,,,,,,0,,*ISHIDA T.,0,1,11,4.60,8,,71755,MdSpWt,20250914,,4,S,,,,5.00,KOSOKU LE LIEN,121,0,,,,,,,,D,2.50,YAMATAKE BONITA,121,NAK,GD,0,*TAKAYANAGI D.,,115,8.00,WONDER DEAN,115
CD,2026-05-02,12,10,WONDER DEAN,6,AON,,,,,,,,,HAK,,,1968,MdSpWt,,,0,108.10,6.50,6.50,4,,,,,,,,,,,,0,,*SHIBATA Y,0,4,7,63.30,5,,96660,MdSpWt,20250712,,5,S,,,,1.00,CENTRE DE PARIS,121,0,,,,,,,,T,2.50,VILLA JOVIS,121,HAK,FM,0,*TAKAYANAGI D.,,115,3.00,MARGA,121
CD,2026-05-02,12,11,INCREDIBOLT,1,BON,,84,76,80,115,-13,-16,100,CNL,,42,1980,VADerbyB500k,,03-14-26 Settled tracking pacesetter; angled in stretch; kicked clear,0,107.76,4.00,,1,1.50,1.50,4,47.15,71.33,23.49,95.74,47.15,,71.33,95.74,0,7,TORRES JAIME A,0,1,10,6.20,7,,500000,VADerbyB500k,20260314,Virginia Derby Presented by New Kent County,9,N,2.00,2.00,5,0.25,GRITTINESS,123,94,1.50,1.50,4,,0.50,0.50,2,D,2.25,CONFESSIONAL,123,CNL,FT,6,MOTT RILEY,Angled in;kicked clear,123,4.00,INCREDIBOLT,123
CD,2026-05-02,12,11,INCREDIBOLT,2,BON,,90,95,91,53,17,18,69,GP,,97,1870,HolyBull-G3,,01-31-26 In range inside; retreated,0,104.52,25.25,25.25,6,7.00,7.00,5,22.82,45.96,22.82,70.32,45.96,,70.32,97.42,0,5,TORRES JAIME A,0,6,6,3.80,1,,275000,HolyBull-G3,20260131,Holy Bull S.,12,G3,12.00,12.00,5,2.75,BRAVARO,120,62,3.00,3.00,5,,15.00,15.00,6,D,1.25,PROJECT ACE,118,GP,FT,13,MOTT RILEY,Rail; retreated,124,5.75,NEARLY,120
CD,2026-05-02,12,11,INCREDIBOLT,3,AON,,79,78,85,99,0,-1,93,CD,,28,1870,StretSns-G3,,10-26-25 Trailed 3p;advanced 3w2nd;4p upper;rally;brush 1/8;up 1/16;cleard,0,104.67,1.75,,1,5.50,5.50,7,24.29,48.83,24.29,73.4,48.83,,73.40,98.32,0,7,TORRES JAIME A,0,1,7,4.09,7,,200000,StretSns-G3,20251026,Street Sense S.,10,G3,3.75,3.75,4,2.25,UNIVERSE,122,83,5.00,5.00,7,,2.00,2.00,3,D,0.13,VERY CONNECTED,122,CD,FT,20,MOTT RILEY,3w;4p upr;rally;cleard,122,1.75,INCREDIBOLT,122
CD,2026-05-02,12,11,INCREDIBOLT,4,AON,,79,80,81,91,-2,2,85,CD,,37,1760,MdSpWt,,09-28-25 Stalked close up inside; took aim 2wd upper; drove past 1/16,0,96.29,2.00,,1,1.50,1.50,3,23.44,46.7,23.44,70.84,46.70,,70.84,,0,6,TORRES JAIME A,0,1,9,2.04,1,,120000,MdSpWt,20250928,,10,S,3.00,3.00,3,3.00,CARSON STREET,119,86,2.50,2.50,3,,0.13,0.13,2,D,0.75,SARTORIAL,119,CD,FT,10,MOTT RILEY,Ins;aim 2w;drove past,119,2.00,INCREDIBOLT,119
CD,2026-05-02,12,11,INCREDIBOLT,5,AON,,81,75,,88,-1,-5,73,ELP,,,1320,MdSpWt,,08-22-25 Far back 5p; stayed on; one paced,1,70.61,8.00,8.00,4,5.50,5.50,8,22.73,45.99,22.73,57.93,45.99,57.93,,,0,10,TORRES JAIME A,0,4,12,2.52,11,,100000,MdSpWt,20250822,,7,S,8.00,8.00,7,3.75,ZAMBONI,119,79,,,10,,6.25,6.25,7,D,1.75,FUZZBUSTER,119,ELP,FT,13,MOTT RILEY,5p;stayed on;one paced,119,2.50,FUEL,120
CD,2026-05-02,12,12,CHIEF WALLABEE,1,BON,03-28-26 Up close 2path; 2wd btw far turn; 4wd upper; rallied between,77,71,78,117,-18,-19,100,GP,,28,1980,FlaDerby-G1,,03-28-26 Up close 2path; 2wd btw far turn; 4wd upper; rallied between,0,109.99,0.50,0.50,3,1.50,1.50,3,48.8,73,24.10,97.32,48.80,,73.00,97.32,0,4,ALVARADO JUNIOR,0,3,6,2.20,1,,1000000,FlaDerby-G1,20260328,Curlin Florida Derby presented by Hill 'n' Dale Farms at Xalapa,14,G1,1.50,1.50,5,0.50,THE PUMA,123,90,1.50,1.50,3,,2.00,2.00,3,D,2.75,CHIEF WALLABEE,123,GP,FT,13,MOTT WILLIAM I,2w; 4w 3/16; gain btw,123,0.06,COMMANDMENT,123
CD,2026-05-02,12,12,CHIEF WALLABEE,2,BON,,84,91,98,104,4,0,103,GP,,49,1870,FntnOYth-G2,,02-28-26 Off pace 4wd; 4wd bid far turn; even terms upper; duel; missed,0,103.33,0.25,0.25,2,3.75,3.75,7,23.16,46.89,23.16,71.47,46.89,,71.47,96.67,0,4,ALVARADO JUNIOR,0,2,9,2.90,5,,425000,FntnOYth-G2,20260228,Coolmore Fountain of Youth S.,14,G2,2.00,2.00,4,2.00,CHIEF WALLABEE,120,93,4.25,4.25,7,,0.13,0.13,2,D,8.75,SOLITUDE DUDE,122,GP,FT,13,MOTT WILLIAM I,4wd; bid; duel; miss,120,0.25,COMMANDMENT,122
CD,2026-05-02,12,12,CHIEF WALLABEE,3,BON,,88,91,,100,-7,-9,96,GP,,,1540,MdSpWt,,01-10-26 Stalked between; in hand 3-4p turn;tip5w;bid;clear;handily,0,83.35,1.50,,1,0.75,0.75,5,22.92,45.76,22.92,71.34,45.76,,71.34,,0,2,ALVARADO JUNIOR,1,1,8,2.50,6,,84000,MdSpWt,20260110,,4,S,1.50,1.50,4,9.25,THE PUMA,122,92,,,2,,0.13,0.13,2,D,1.75,AL ARQRAAH,122,GP,FT,12,MOTT WILLIAM I,3-4p;tip5w;bid;handily,122,1.50,CHIEF WALLABEE,122
CD,2026-05-02,12,13,SILENT TACTIC,1,BON,,82,82,85,98,-3,-7,93,OP,,27,1980,ArkDerby-G1,b,03-28-26 Settled mid pack; 3w advance 2nd turn; bid; led; no match,0,109.70,4.00,4.00,2,3.00,3.00,5,47.8,72.52,23.25,97.86,47.80,,72.52,97.86,0,6,TORRES CRISTIAN A,0,2,8,3.60,2,,1500000,ArkDerby-G1,20260328,Arkansas Derby,13,G1,2.50,2.50,5,2.00,SILENT TACTIC,124,92,3.00,3.00,5,,0.50,,1,D,1.25,TAPTASTIC,121,OP,FT,10,CASSE MARK,3w bid1/4;no mtch late,124,4.00,RENEGADE,124
CD,2026-05-02,12,13,SILENT TACTIC,2,BON,,84,86,89,95,5,-2,93,OP,,23,1870,Rebel-G2,b,03-01-26 Outrun early; crept 2nd;tipped 4w;outside bid;led late;outgamed,0,103.21,0.06,0.06,2,4.00,4.00,6,23.06,46.62,23.06,71.77,46.62,,71.77,96.99,0,9,TORRES CRISTIAN A,0,2,9,3.60,6,,1000000,Rebel-G2,20260301,Rebel S.,11,G2,1.25,1.25,5,5.25,SILENT TACTIC,124,93,3.25,3.25,7,,0.13,0.13,2,D,2.75,LITMUS TEST,121,OP,FT,6,CASSE MARK,Tipped 4w;bid;outgamed,124,0.06,CLASS PRESIDENT,119
CD,2026-05-02,12,13,SILENT TACTIC,3,BON,,74,83,85,97,9,3,92,OP,,34,1870,Southwst-G3,b,02-06-26 Broke back; unhurried; 4w; traffic 1/4; steered out; going away,0,104.85,3.25,,1,7.00,7.00,11,23.52,47.52,23.52,72.81,47.52,,72.81,98.73,0,12,TORRES CRISTIAN A,0,1,12,12.00,9,,1000000,Southwst-G3,20260206,Southwest S.,11,G3,4.75,4.75,10,0.13,SOLDIER N DIPLOMAT,122,85,9.25,9.25,11,,2.75,2.75,6,D,0.06,BUETANE,117,OP,FT,19,CASSE MARK,Steered out;going away,117,3.25,SILENT TACTIC,117
CD,2026-05-02,12,13,SILENT TACTIC,4,BON,,74,61,59,103,-15,-20,80,OP,,62,1870,SmrtyJnsL250k,b,01-03-26 Off pace; stout restraint; angled 4w 1/4; rallied 2nd; no match,0,105.06,4.50,4.50,2,4.25,4.25,8,24.48,49.72,24.48,74.99,49.72,,74.99,99.04,0,6,TORRES JAIME A,0,2,8,14.10,3,,250000,SmrtyJnsL250k,20260103,Smarty Jones S.,10,N,3.75,3.75,6,0.75,SILENT TACTIC,117,79,2.50,2.50,6,,3.50,3.50,4,D,4.00,BAYTOWN DREAMER,117,OP,FT,14,CASSE MARK,Pulled;4w 1/4;up 2nd,117,4.50,STRATEGIC RISK,119
CD,2026-05-02,12,13,SILENT TACTIC,5,AON,11-02-25 3wd btwn early; 4-5w into str; gain mid-str; turned away,81,76,75,91,-2,-4,83,WO,,23,1870,Grey-G3,b,11-02-25 3wd btwn early; 4-5w into str; gain mid-str; turned away,0,106.57,0.75,0.75,2,2.75,2.75,5,24.65,50.21,24.65,75.18,50.21,,75.18,100.14,0,5,AEBLY FRASER,1,2,7,5.15,6,A,150000,Grey-G3,20251102,bet365 Grey S.,7,G3,2.50,2.50,5,1.50,SILENT TACTIC,119,70,3.50,3.50,4,,2.00,2.00,3,D,3.75,WEMBLEY AVENUE,118,WO,FT,29,CASSE MARK,3-5w;loom;fended off,119,0.75,THE BIG CON,119
CD,2026-05-02,12,13,SILENT TACTIC,6,AON,,82,74,72,80,-1,2,75,WO,,,1870,MdSpWt,b,10-10-25 Stp slw;nestle rail behind front duo;rally shiftout5/16;up last70,0,107.62,2.00,,1,2.50,2.50,3,24.67,50.15,24.67,75.08,50.15,,75.08,100.84,0,4,CIVACI SAHIN,1,1,6,4.85,1,A,115100,MdSpWt,20251010,,1,S,2.50,2.50,3,10.50,VALLEY OF KINGS,121,65,2.00,2.00,4,,1.50,1.50,2,D,3.00,PROUD PAINTER,118,WO,FT,28,CASSE MARK,Stp slw;got up last70y,121,2.00,SILENT TACTIC,121
CD,2026-05-02,12,14,POTENTE,1,BON,,89,100,103,93,6,0,100,SA,,28,1980,SADerby-G1,b,04-04-26 Dueled inside; fought to midstretch; yielded,1,109.01,2.75,2.75,2,0.13,0.13,2,46.79,71.11,23.03,96.16,46.79,,71.11,96.16,0,2,HERNANDEZ JUAN J,0,2,7,1.20,2,,500000,SADerby-G1,20260404,Santa Anita Derby,10,G1,0.13,,1,6.75,POTENTE,124,90,0.13,,1,,0.13,0.13,2,D,0.50,VITRUVIAN MAN,124,SA,FT,8,BAFFERT BOB,Insd;fought to midstr,124,2.75,SO HAPPY,124
CD,2026-05-02,12,14,POTENTE,2,BON,,91,97,106,85,10,13,97,SA,,35,1870,SnFelipe-G2,b,03-07-26 Stalked 2-3wide turns; dug in late; in time,0,102.92,0.13,,1,1.75,1.75,5,22.88,46.62,22.88,70.42,46.62,,70.42,96.22,0,2,HERNANDEZ JUAN J,0,1,7,8.10,5,,200000,SnFelipe-G2,20260307,San Felipe S. presented by DK Horse,8,G2,1.75,1.75,5,2.25,ROBUSTA,120,95,1.25,1.25,4,,1.50,1.50,3,D,1.25,SO HAPPY,120,SA,FT,8,BAFFERT BOB,Stalk2-3wd;dug in late,120,0.13,POTENTE,120
CD,2026-05-02,12,14,POTENTE,3,BON,,92,97,,88,-2,-2,90,SA,,,1320,MdSpWt,b,01-31-26 Away quickly; dueled inside; proved best,1,70.65,0.75,,1,0.13,,1,22.77,45.62,22.77,57.84,45.62,57.84,,,0,1,KIMURA KAZUSHI,1,1,5,0.60,4,,70000,MdSpWt,20260131,,6,S,0.13,,1,3.25,CAPTAIN SHREVE,122,88,,,1,,0.50,,1,D,7.50,DEEP TRACKS,122,SA,FT,10,BAFFERT BOB,Inside; proved best,122,0.75,POTENTE,122
CD,2026-05-02,12,15,EMERGING MARKET,1,BON,,94,100,101,96,14,4,102,FG,,42,2090,LaDerby-G2,,03-21-26 Never far back; loomed 4wd to 1/4; dueled stretch; prevailed,1,115.18,0.13,,1,3.50,3.50,5,46.23,70.85,22.65,96.47,46.23,,70.85,96.47,0,4,PRAT FLAVIEN,0,1,9,2.00,9,,1000000,LaDerby-G2,20260321,Twinspires.com Louisiana Derby,12,G2,2.50,2.50,4,1.00,PAVLOVIAN,122,105,1.25,1.25,5,,0.13,0.13,2,D,5.50,GOLDEN TEMPO,122,FG,FT,0,BROWN CHAD C,Loomed 4w;prevailed,122,0.13,EMERGING MARKET,122
CD,2026-05-02,12,15,EMERGING MARKET,2,BON,,85,84,90,106,0,-8,99,TAM,,,1800,MdSpWt,,02-07-26 Svd gnd;midpack;4p2nd;bid3/8;bmp1/4;drift;duel;up,0,99.11,0.75,,1,4.00,4.00,5,23.71,47.6,23.71,72.49,47.60,,72.49,96.72,0,3,PRAT FLAVIEN,1,1,9,3.20,2,,55000,MdSpWt,20260207,,6,S,0.50,0.50,2,13.50,POWERSHIFT,119,95,3.50,3.50,6,,0.13,,1,D,5.25,MAKE MY DAY,119,TAM,FT,9,BROWN CHAD C,4p;bmp1/4;drift;up,119,0.75,EMERGING MARKET,119
CD,2026-05-02,12,16,PAVLOVIAN,1,BON,,96,107,106,91,14,4,101,FG,,34,2090,LaDerby-G2,b,03-21-26 Set prompted pace to 1/2; met bid 3/16; dueled; game; just missed,0,115.18,0.13,0.13,2,0.50,,1,46.23,70.85,22.65,96.47,46.23,,70.85,96.47,0,1,MALDONADO E,0,2,9,21.70,1,,1000000,LaDerby-G2,20260321,Twinspires.com Louisiana Derby,12,G2,0.50,,1,1.00,PAVLOVIAN,122,105,0.13,,1,,0.13,,1,D,5.50,GOLDEN TEMPO,122,FG,FT,0,O'NEILL DOUG,Pace;met bid;gamely,122,0.13,EMERGING MARKET,122
CD,2026-05-02,12,16,PAVLOVIAN,2,BON,,88,93,102,86,4,8,95,SUN,,29,1870,SunDrbyL500k,b,02-15-26 Attended pace btwn to 1/2; repelled upper; re-bid; wore down foe,0,102.22,0.06,,1,0.50,0.50,2,23.07,46.4,23.07,70.07,46.40,,70.07,95.61,0,2,MALDONADO E,0,1,6,5.10,2,,500000,SunDrbyL500k,20260215,Sunland Park Derby,9,N,0.50,0.50,2,5.25,EXPRESS KID,123,96,0.50,0.50,2,,0.50,0.50,2,D,3.50,BRICKLIN,123,SUN,FT,7,O'NEILL DOUG,Pressed;wore down foe,123,0.06,PAVLOVIAN,123
CD,2026-05-02,12,16,PAVLOVIAN,3,BON,,68,65,67,101,-12,-11,84,SA,,34,1870,sCalCupDby175k,,01-17-26 Broke in/bumped; 3-2wide; 5-4wide; gained 3rd,0,104.55,3.25,3.25,3,4.75,4.75,9,23.69,48.38,23.69,72.69,48.38,,72.69,98.18,0,9,DEMURO M,0,3,9,11.00,7,,175000,sCalCupDby175k,20260117,California Chrome Cal Cup Derby,8,N,4.50,4.50,6,1.50,SAMMY DAVIS,124,84,6.25,6.25,9,s,5.00,5.00,4,D,0.50,PAVLOVIAN,124,SA,FT,13,O'NEILL DOUG,Brk in/bpd;3-2w;5-4w,124,1.75,START THE RIDE,124
CD,2026-05-02,12,16,PAVLOVIAN,4,AON,,76,82,92,81,4,0,85,LRC,,44,1760,sKngGlriusB100,,12-14-25 Hopped/bumped steart; 4wide-inside; inside; rail bid 1/4;faltered,0,97.31,7.00,7.00,4,5.50,5.50,5,22.9,46.63,22.90,71.86,46.63,,71.86,,0,8,AYUSO ARMANDO,0,4,8,3.70,6,,100000,sKngGlriusB100k,20251214,King Glorious S.,10,N,0.75,0.75,5,1.75,JOHN METCALFE,117,82,7.50,7.50,8,s,1.50,1.50,4,D,4.00,CAN'T HELP MYSELF,117,LRC,FT,16,O'NEILL DOUG,Hop/bp;4w-ins;rail bid,118,1.25,SMOOVIN SATURDAY,117
CD,2026-05-02,12,16,PAVLOVIAN,5,AON,,,,,,-3,-2,,DMR,,27,1540,sGoldStJuvB175,b,10-31-25 Hopped start; stumbled; lost jockey,0,83.38,,,K,,,K,22.32,44.95,22.32,70.1,44.95,,70.10,,0,10,HERNANDEZ JUAN J,0,99,10,8.60,4,,175000,sGoldStJuvB175k,20251031,Golden State Juvenile S.,5,N,,,K,0.50,SAMMY DAVIS,124,0,,,10,s,,,K,D,2.75,CAN'T HELP MYSELF,122,DMR,FT,14,O'NEILL DOUG,Hop;stmbld;lost rider,122,0.75,OCEAN BEAR,122
CD,2026-05-02,12,16,PAVLOVIAN,6,AON,,91,89,,86,2,-3,83,SA,50000,29,1430,sOC50000NW1$X,b,10-04-25 Stalked between; 2wide-inside; gained 2nd,0,77.15,1.75,1.75,2,1.75,1.75,6,21.99,45.12,21.99,70.73,45.12,,70.73,,0,5,HERNANDEZ JUAN J,0,2,9,8.00,2,,61000,sOC50000n1x,20251004,,7,AO,2.00,2.00,5,0.50,PAVLOVIAN,122,85,,,5,s,3.00,3.00,4,D,3.25,CAN'T HELP MYSELF,122,SA,FT,11,O'NEILL DOUG,Btwn;2w-ins;gained2nd,122,1.75,OCEAN BEAR,122
CD,2026-05-02,12,16,PAVLOVIAN,7,AON,,85,85,,76,0,2,69,DMR,,27,1210,sImSmokinB100k,b,09-05-25 Off pace; 5-4wide; no menace,0,63.59,9.50,9.50,7,4.00,4.00,6,21.51,44.61,21.51,57.02,44.61,57.02,,,0,4,RISPOLI UMBERTO,0,7,8,9.70,8,,100000,sImSmokinB100k,20250905,I'm Smokin S.,7,N,5.00,5.00,6,1.25,THIRSTY REBEL,121,83,,,4,s,7.75,7.75,7,D,0.13,SAUL ELLIOTT,121,DMR,FT,7,O'NEILL DOUG,5-4wide; no menace,121,0.06,MAX CIAO,121
CD,2026-05-02,12,16,PAVLOVIAN,8,AON,,90,94,,77,-1,-1,79,DMR,,55,1320,BestPal-G3,b,08-09-25 Stalked 3deep; floated 5wide into str; bested rest,0,70.37,8.75,8.75,2,2.25,2.25,4,22.26,45.31,22.26,57.78,45.31,57.78,,,0,3,RISPOLI UMBERTO,0,2,5,12.30,4,,150000,BestPal-G3,20250809,Best Pal S.,4,G3,3.00,3.00,5,1.00,PAVLOVIAN,120,81,,,3,,5.75,5.75,4,D,4.50,BRIGANTE,118,DMR,FT,11,O'NEILL DOUG,3deep;floatd5w;gain2nd,120,8.75,DESERT GATE,120
CD,2026-05-02,12,16,PAVLOVIAN,9,AON,,86,,,88,,,82,SA,,21,1100,sMdSpWt,b,06-15-25 Chased 2-3wide; closed well,1,59.04,0.50,,1,3.25,3.25,6,22.45,46.53,22.45,,46.53,,,,0,4,RISPOLI UMBERTO,0,1,9,1.70,6,,60000,sMdSpWt,20250615,,6,S,3.50,3.50,5,2.25,MOONSHINER,119,91,,,4,s,3.00,3.00,4,D,0.75,FOREVER BEN,119,SA,FT,5,O'NEILL DOUG,2w;angld5w;closed well,119,0.50,PAVLOVIAN,119
CD,2026-05-02,12,16,PAVLOVIAN,10,AON,,82,,,83,,,71,SA,,,990,sMdSpWt,b,05-25-25 Chased inside; shifted late turn; 2nd best,0,53.01,1.50,1.50,2,2.25,2.25,6,22.76,46.97,22.76,,46.97,,,,0,6,RISPOLI UMBERTO,0,2,7,3.10,2,,60000,sMdSpWt,20250525,,1,S,,,,4.25,PAVLOVIAN,119,93,,,6,s,1.00,1.00,2,D,0.50,MR. PIPPINS,119,SA,FT,10,O'NEILL DOUG,Rail;shifted late turn,119,1.50,TRUMP ERA,119
CD,2026-05-02,12,17,SIX SPEED,1,BON,,,,,,,,,MEY,,64,2078,Uae Derby-G2,,,0,119.19,2.50,2.50,2,,,,,,,,,,,,0,,*BARZALONA M,0,2,11,0.00,0,,1000000,Uae Derby-G2,20260328,UAE DERBY,3,G2,,,,6.00,SIX SPEED,126,0,,,,,,,,D,5.00,PYROMANCER,126,MEY,FT,0,*99SEEMAR BHUPAT,,126,2.50,WONDER DEAN,126
CD,2026-05-02,12,17,SIX SPEED,2,BON,,,,,,,,,MEY,,21,1750,U 2000 Guns-G3,,,0,98.02,5.00,,1,,,,,,,,,,,,0,,*BARZALONA M,0,1,16,0.00,0,,190606,U 2000 Guns-G3,20260123,UAE 2000 GUINEAS,7,G3,,,,0.25,DEVON ISLAND,123,0,,,,,,,,D,3.50,UNION SECURITY,123,MEY,FT,0,*99SEEMAR BHUPAT,,123,5.00,SIX SPEED,123
CD,2026-05-02,12,17,SIX SPEED,3,BON,01-02-26 Tracked pace; led 300m out; ran on strongly.,,,,,,,,MEY,,28,1531,Alw81700,,01-02-26 Tracked pace; led 300m out; ran on strongly.,0,85.28,3.00,,1,,,,,,,,,,,,0,,*BUICK W,0,1,16,0.00,0,,81688,Alw81700,20260102,UAE Two Thousand Guineas Trial Sponsored By Churchill Downs,7,A,,,,4.75,LEGALAIZED,137,0,,,,,,,,D,2.25,UNION SECURITY,125,MEY,FT,0,*99SEEMAR BHUPAT,,125,3.00,SIX SPEED,125
CD,2026-05-02,12,17,SIX SPEED,4,AON,12-05-25 Pressed leader; upsides final 600m; tended to hang right when fir,,,,,,,,MEY,,28,1312,Alw57200,,12-05-25 Pressed leader; upsides final 600m; tended to hang right when fir,0,72.33,1.75,,1,,,,,,,,,,,,0,,*O'SHEA TP,0,1,9,0.00,0,,57182,Alw57200,20251205,Lincoln Aviator,1,A,,,,5.00,MISS YECHANCE,126,0,,,,,,,,D,1.50,MARSOOD,126,MEY,FT,0,*99SEEMAR BHUPAT,,126,1.75,SIX SPEED,126
CD,2026-05-02,12,17,SIX SPEED,5,AON,11-07-25 Slow to stride; recovered to lead; ridden 400m out; headed final,,,,,,,,MEY,,,1312,MdSpWt,,11-07-25 Slow to stride; recovered to lead; ridden 400m out; headed final,0,73.38,8.50,8.50,3,,,,,,,,,,,,0,,*O'SHEA TP,0,3,7,0.00,0,,44929,MdSpWt,20251107,Emirates Courier Express,3,S,,,,3.50,NA EEM,126,0,,,,,,,,D,0.75,SIX SPEED,126,MEY,FT,0,*99SEEMAR BHUPAT,,126,5.00,UNION SECURITY,126
CD,2026-05-02,12,18,FURTHER ADO,1,BON,,87,90,104,101,-2,1,105,KEE,,28,1980,BlueGras-G1,,04-04-26 Bmp btw st;stalk 5p;loom 3w-4p2d;took ovr1/4;kck awy;flop lds1/16,1,109.58,11.00,,1,1.50,1.50,3,47.71,71.8,23.60,96.63,47.71,,71.80,96.63,0,3,ORTIZ IRAD JR,0,1,7,0.85,5,,1250000,BlueGras-G1,20260404,Toyota Blue Grass S.,11,G1,0.50,0.50,3,1.75,OTTINHO,123,96,1.50,1.50,5,,8.50,,1,D,1.25,TALKIN,123,KEE,FT,8,COX BRAD H,4-3w;flop lds;rddn out,123,11.00,FURTHER ADO,123
CD,2026-05-02,12,18,FURTHER ADO,2,BON,,88,90,93,90,4,0,92,TAM,,98,1870,TamDby-G3,,03-07-26 Bmp brk;3p1st;stalk outside;3p2nd;duel;bmp late;caught,0,103.23,0.75,0.75,2,1.50,1.50,3,23.07,46.68,23.07,71.27,46.68,,71.27,96.47,0,3,ORTIZ IRAD JR,0,2,9,2.00,6,,400000,TamDby-G3,20260307,ESMARK Tampa Bay Derby,11,G3,0.13,0.13,2,0.13,FURTHER ADO,122,89,2.50,2.50,4,,0.13,0.13,2,D,2.00,CANALETTO,122,TAM,FT,8,COX BRAD H,3p;duel;bmp;caught,122,0.75,THE PUMA,122
CD,2026-05-02,12,18,FURTHER ADO,3,AON,,88,95,104,78,13,13,92,CD,,50,1870,KyJC-G2,,11-29-25 Track 3p;4p5/8;ranged up 3w2nd;bid 5/16;duel 5p upr;up 6p1/16;clr,1,103.33,1.75,,1,3.00,3.00,4,23.35,46.76,23.35,70.84,46.76,,70.84,96.55,0,1,ORTIZ IRAD JR,0,1,7,0.71,6,,400000,KyJC-G2,20251129,Kentucky Jockey Club S.,10,G2,0.50,0.50,3,0.50,UNIVERSE,122,90,3.00,3.00,4,,0.50,0.50,2,D,1.25,SOLDIER N DIPLOMAT,122,CD,FT,11,COX BRAD H,3w;duel 5p upr;edg clr,122,1.75,FURTHER ADO,122
CD,2026-05-02,12,18,FURTHER ADO,4,AON,,89,91,96,98,1,-2,98,KEE,,41,1870,MdSpWt,,10-10-25 Prompt 3-2w1st; led 5/16; opened up; good energy; ridden out,1,103.52,20.00,,1,0.50,0.50,2,23.17,47.1,23.17,71.63,47.10,,71.63,97.13,0,1,ORTIZ IRAD JR,0,1,12,2.24,8,,110000,MdSpWt,20251010,,8,S,0.50,,1,4.25,VINO VICI,119,98,0.50,0.50,2,,10.00,,1,D,0.13,ALGHERO,119,KEE,FT,2,COX BRAD H,2w;opened up;rddn out,119,20.00,FURTHER ADO,119
CD,2026-05-02,12,18,FURTHER ADO,5,AON,,94,107,,66,4,11,83,SAR,,35,1540,MdSpWt,,08-30-25 Settled;urged 5-4path turn;lacked needed response;earned show,0,83.63,6.25,6.25,3,2.50,2.50,5,22.37,44.62,22.37,69.62,44.62,,69.62,,0,2,MACHADO LUAN,0,3,8,4.60,5,,100000,MdSpWt,20250830,,6,S,2.00,2.00,3,6.00,STRADALE,119,80,,,2,,5.50,5.50,4,D,0.50,FURTHER ADO,119,SAR,FT,12,COX BRAD H,5-4path turn;up 3rd,119,0.25,TALKIN,119
CD,2026-05-02,12,18,FURTHER ADO,6,AON,,92,91,,82,9,8,81,SAR,,,1320,MdSpWt,,07-26-25 Brk out st; 5-6w backstretch; 4w turn; 7w upper; mild bid,0,71.87,3.50,3.50,5,5.00,5.00,6,22.19,45.63,22.19,58.37,45.63,58.37,,,0,3,ORTIZ IRAD JR,0,5,8,2.45,6,,100000,MdSpWt,20250726,,2,S,6.50,6.50,6,2.25,ACCOST,119,80,,,3,,5.50,5.50,6,D,0.75,VINO VICI,119,SAR,FT,16,COX BRAD H,Brk out st; mild bid,119,0.25,SOLDIER N DIPLOMAT,119
CD,2026-05-02,12,19,GOLDEN TEMPO,1,BON,,82,90,95,100,14,4,100,FG,,35,2090,LaDerby-G2,b,03-21-26 Squeezed start; weaved through 4wd to 1/4; angled in; willingly,0,115.18,1.00,1.00,3,8.50,8.50,8,46.23,70.85,22.65,96.47,46.23,,70.85,96.47,0,9,ORTIZ JOSE L,0,3,9,3.10,5,,1000000,LaDerby-G2,20260321,Twinspires.com Louisiana Derby,12,G2,5.50,5.50,7,1.00,PAVLOVIAN,122,104,7.25,7.25,8,,1.50,1.50,3,D,5.50,GOLDEN TEMPO,122,FG,FT,0,DEVAUX CHERIE,Sqzd st;4w-ins;willing,122,0.13,EMERGING MARKET,122
CD,2026-05-02,12,19,GOLDEN TEMPO,2,BON,,74,76,85,94,5,5,91,FG,,28,1980,RisenStr-G2,,02-14-26 Unhurried to half; swung four wide upper; closed gap; clear third,0,109.14,6.00,6.00,3,9.75,9.75,7,47.49,71.53,23.81,96.37,47.49,,71.53,96.37,0,6,ORTIZ JOSE L,0,3,8,3.90,2,,500000,RisenStr-G2,20260214,Fasig-Tipton Risen Star S.,12,G2,8.50,8.50,7,5.50,CHIP HONCHO,122,88,7.50,7.50,7,,7.50,7.50,5,D,1.75,GOLDEN TEMPO,122,FG,FT,4,DEVAUX CHERIE,Swung 4w;closed gap,122,0.50,PALADIN,122
CD,2026-05-02,12,19,GOLDEN TEMPO,3,BON,,76,77,84,91,11,10,88,FG,,28,1870,Lecomte-G3,,01-17-26 Off pace; weaved path 2nd turn; ins 1/8; inhaled,1,104.98,0.75,,1,10.00,10.00,9,23.72,47.11,23.72,71.89,47.11,,71.89,98.25,0,9,ORTIZ JOSE L,0,1,10,2.70,5,,250000,Lecomte-G3,20260117,Lecomte S.,13,G3,7.00,7.00,10,0.25,MESQUITE,122,87,7.25,7.25,9,,1.50,1.50,4,D,0.75,CARSON STREET,122,FG,FT,11,DEVAUX CHERIE,Split; ins; inhaled,122,0.75,GOLDEN TEMPO,122
CD,2026-05-02,12,19,GOLDEN TEMPO,4,AON,,72,76,,101,-3,-6,84,FG,,,1320,MdSpWt,,12-20-25 Step slow; gained 6w; driving; in time,0,70.66,1.50,,1,9.25,9.25,10,22.18,45.9,22.18,57.74,45.90,57.74,,,0,10,ORTIZ JOSE L,1,1,10,2.80,3,,55000,MdSpWt,20251220,,3,S,7.00,7.00,10,0.25,FANCY FAIRLANE,120,89,,,10,,2.50,2.50,4,D,7.25,OBELUS,120,FG,FT,13,DEVAUX CHERIE,Slow; drove6w; in time,120,1.50,GOLDEN TEMPO,120
CD,2026-05-02,12,2,ALBUS,1,BON,,75,84,89,89,13,13,91,AQU,,36,1980,WoodMem-G2,,04-04-26 Brshd brk;3p1st;settled;ins-2p2nd;4p1/4;lead out1/8;held well,0,111.71,1.25,,1,8.50,8.50,8,47.3,72.04,22.92,98.41,47.30,,72.04,98.41,0,6,TORRES JAIME A,0,1,12,11.89,7,,750000,WoodMem-G2,20260404,Wood Memorial S. Presented by Resorts World Casino,12,G2,7.00,7.00,8,0.06,RIGHT TO PARTY,123,79,11.00,11.00,8,,0.50,,1,D,1.25,OCELLI,123,AQU,FT,18,MOTT RILEY,3p1st;ins-2p2nd;4p1/4,123,1.25,ALBUS,123
CD,2026-05-02,12,2,ALBUS,2,BON,,82,78,80,95,-3,-7,87,TAM,,90,1800,MdSpWt,,02-27-26 Svd gnd;track outside;2p2nd;drew off,1,99.91,6.75,,1,2.50,2.50,2,24.23,47.91,24.23,72.72,47.91,,72.72,97.52,0,2,CAMACHO SAMY,1,1,6,0.50,1,,55000,MdSpWt,20260227,,2,S,0.50,,1,8.75,ARGENT HEIR,119,91,1.00,1.00,2,,2.00,,1,D,0.50,MO BEACH TIME,119,TAM,FT,9,MOTT RILEY,Track;2p2nd;drew off,119,6.75,ALBUS,119
CD,2026-05-02,12,2,ALBUS,3,AON,,86,82,84,87,-6,-7,85,CD,,44,1870,MdSpWt,,11-29-25 Dueled ins foe; outkicked 1/8; lost place late,0,103.41,4.75,4.75,3,0.13,,1,24.08,48.57,24.08,72.88,48.57,,72.88,97.10,0,1,TORRES JAIME A,0,3,12,5.30,1,,120000,MdSpWt,20251129,,7,S,0.13,,1,0.50,STIRRING WORDS,119,84,0.13,0.13,2,,1.00,1.00,2,D,0.75,ALBUS,119,CD,FT,11,MOTT RILEY,Duel ins foe;outkck1/8,119,4.25,LIBERTY NATIONAL,119
CD,2026-05-02,12,2,ALBUS,4,AON,,82,88,,80,0,-3,79,KEE,,,1540,MdSpWt,,10-16-25 Off pace 3-2p; closer 1/2; ins turn; 3p upper; mildly,0,83.84,9.75,9.75,4,6.25,6.25,9,22.31,45.5,22.31,70.61,45.50,,70.61,,0,6,TORRES JAIME A,0,4,11,10.72,5,,110000,MdSpWt,20251016,,3,S,5.25,5.25,7,3.25,GRAND SLAM SAM,119,78,,,6,,6.00,6.00,4,D,3.50,CORONA DE ORO,119,KEE,FT,13,MOTT RILEY,3p-ins;3p upr;mildly,119,3.00,CONFESSIONAL,119
CD,2026-05-02,12,20,FULLEFFORT,1,BON,,82,86,98,96,6,6,99,TP,,28,1980,JRSteaks-G3,,03-21-26 Settled 2-4p;btw5/8;closer7/16;gain 3p2nd;bid 4p3/16;kck clr;drft,1,109.94,2.50,,1,6.00,6.00,9,47.16,71.34,23.18,96.95,47.16,,71.34,96.95,0,4,ORTIZ IRAD JR,0,1,12,1.91,2,A,777000,JRSteaks-G3,20260321,Jeff Ruby Steaks,12,G3,3.50,3.50,5,3.50,STARK CONTRAST,123,96,5.75,5.75,9,,0.50,,1,D,2.00,MEDICI,123,TP,FT,14,COX BRAD H,2-3p;bid 4p3/16;cleard,123,2.50,FULLEFFORT,123
CD,2026-05-02,12,20,FULLEFFORT,2,BON,,81,84,79,103,6,-3,92,TP,,35,1870,JBttglaMmL175k,,02-21-26 Far back 3p; 5p5/8; gained 5-6p1/4; rallied; late bid; missed,0,106.83,0.25,0.25,2,5.50,5.50,10,23.88,48.84,23.88,74.65,48.84,,74.65,100.01,0,10,CHEMINAUD VINCENT,0,2,11,2.08,10,A,175000,JBttglaMmL175k,20260221,John Battaglia Memorial S.,9,N,5.25,5.25,9,1.25,FULLEFFORT,122,77,7.00,7.00,10,,4.50,4.50,5,D,1.75,MAXIMUS PRIME,122,TP,FT,29,COX BRAD H,5-6p2nd;rallied;missed,122,0.25,GREAT WHITE,122
CD,2026-05-02,12,20,FULLEFFORT,3,BON,,77,82,77,93,7,1,83,TP,,86,1760,LeonatusB125k,,01-17-26 Bumped st;trailed 2-3p1st;closer 2nd;5p upr;rallied;kept at bay,1,100.57,1.00,1.00,2,5.00,5.00,6,24.15,48.54,24.15,74.53,48.54,,74.53,,0,8,CHEMINAUD VINCENT,0,2,8,1.26,5,A,125000,LeonatusB125k,20260117,Leonatus S.,8,N,4.50,4.50,5,2.00,FULLEFFORT,118,73,7.75,7.75,8,,3.50,3.50,4,D,1.00,JUTLAND,118,TP,FT,27,COX BRAD H,Bmpd;3p;5p upr;rallied,118,1.00,STREET BEAST,124
CD,2026-05-02,12,20,FULLEFFORT,4,AON,,77,91,96,72,22,26,84,KEE,,43,1870,Alw120000NW2L,,10-23-25 Off pace 2wd; gained 4-5p2nd; bid 4p btw 3/16; drove clear,1,103.09,5.00,,1,7.50,7.50,8,22.87,46.36,22.87,71.15,46.36,,71.15,96.65,0,6,ORTIZ IRAD JR,0,1,10,1.01,7,,120000,Alw120000n2l,20251023,,7,A,6.50,6.50,7,0.25,EASY WIND,120,83,7.00,7.00,8,,1.50,,1,T,0.50,A MILLION DREAMS,120,KEE,FM,18,COX BRAD H,2w;4-5p2nd;drove clear,122,5.00,FULLEFFORT,122
CD,2026-05-02,12,20,FULLEFFORT,5,AON,,70,57,52,102,-18,-16,74,KD,,24,1760,MdSpWt,,09-10-25 Bmpd brk; stalked btwn 2-3w; 4wd 3/8; steady gain; drove past,1,94.04,1.00,,1,2.00,2.00,4,23.96,47.34,23.96,70.88,47.34,,70.88,,0,4,PRAT FLAVIEN,0,1,10,0.92,3,,170000,MdSpWt,20250910,,7,S,3.00,3.00,2,6.50,PATROL SQUAD SIX,119,91,2.25,2.25,5,,2.50,2.50,2,T,4.25,EPIC HORSEPOWER,119,KD,FM,3,COX BRAD H,2-3w;4w3/8;drove past,119,1.00,FULLEFFORT,119
CD,2026-05-02,12,20,FULLEFFORT,6,AON,,79,72,61,92,-2,-5,73,ELP,,27,1760,MdSpWt,,08-17-25 Brush start;midpack 2wbtw;shuffled 7/16;traffic 5/16;5p upr;rally,1,96.64,0.75,0.75,3,2.50,2.50,7,23.2,48.27,23.20,72.86,48.27,,72.86,,0,8,TORRES JAIME A,0,3,11,1.77,4,,100000,MdSpWt,20250817,,6,S,3.75,3.75,7,0.50,EPIC HORSEPOWER,119,79,5.75,5.75,7,,5.50,5.50,4,T,1.25,FULLEFFORT,119,ELP,FM,11,COX BRAD H,2wbtw;shuffled;rally,119,0.25,SWAMP KING,119
CD,2026-05-02,12,20,FULLEFFORT,7,AON,,78,75,79,78,2,8,75,ELP,,,1760,MdSpWt,,07-21-25 Tracked inside; chased 2nd; 2wd btwn 3/16; stayed on willingly,0,100.74,2.00,2.00,4,3.50,3.50,4,24.9,50.17,24.90,74.85,50.17,,74.85,,0,4,GEROUX FLORENT,0,4,10,3.35,1,,100000,MdSpWt,20250721,,4,S,3.75,3.75,6,0.13,SPUN LEGACY,119,58,4.00,4.00,3,,4.75,4.75,5,T,1.25,MAGINNESONTAP,119,ELP,TF,40,COX BRAD H,Ins;2w btw3/16;stay on,119,0.75,GLOVES OFF,119
CD,2026-05-02,12,21,GREAT WHITE,1,BON,,90,93,105,56,-2,1,80,KEE,,42,1980,BlueGras-G1,,04-04-26 Set pace ins foe-2p; ins pair-rail 2nd; headed 3/8; wknd,0,109.58,22.25,22.25,5,0.13,,1,47.71,71.8,23.60,96.63,47.71,,71.80,96.63,0,6,ACHARD ALEX,0,5,7,7.13,2,,1250000,BlueGras-G1,20260404,Toyota Blue Grass S.,11,G1,0.13,0.13,2,1.75,OTTINHO,123,74,0.50,,1,,11.00,11.00,5,D,1.25,TALKIN,123,KEE,FT,8,ENNIS JOHN,2p-ins;ins pair2nd;wkn,123,11.00,FURTHER ADO,123
CD,2026-05-02,12,21,GREAT WHITE,2,BON,,92,92,89,93,6,-3,92,TP,,35,1870,JBttglaMmL175k,,02-21-26 Stalked 4-3p; bid 3w2nd; led 5/16; drove clear 1/8; held late,0,106.83,0.25,,1,1.00,1.00,3,23.88,48.84,23.88,74.65,48.84,,74.65,100.01,0,8,ACHARD ALEX,0,1,11,15.16,8,A,175000,JBttglaMmL175k,20260221,John Battaglia Memorial S.,9,N,0.25,0.25,3,1.25,FULLEFFORT,122,77,1.50,1.50,3,,1.50,,1,D,1.75,MAXIMUS PRIME,122,TP,FT,29,ENNIS JOHN,4-3p;bid 3w;clear;held,122,0.25,GREAT WHITE,122
CD,2026-05-02,12,21,GREAT WHITE,3,BON,,79,81,73,89,7,1,79,TP,,36,1760,LeonatusB125k,,01-17-26 Step slow/checked st; far back ins; 3-4p2nd; shifted in; improved,0,100.57,4.75,4.75,5,5.75,5.75,8,24.15,48.54,24.15,74.53,48.54,,74.53,,0,7,ACHARD ALEX,0,5,8,10.71,1,A,125000,LeonatusB125k,20260117,Leonatus S.,8,N,6.25,6.25,7,2.00,FULLEFFORT,118,69,6.75,6.75,7,,5.50,5.50,6,D,1.00,JUTLAND,118,TP,FT,27,ENNIS JOHN,Step slw/chk st;imprvd,118,1.00,STREET BEAST,124
CD,2026-05-02,12,21,GREAT WHITE,4,AON,,91,96,,77,5,7,81,TP,,,1320,MdSpWt,,12-12-25 Lunged start; unhurried; ran on in turn; rallied along to clear,0,70.37,2.25,,1,3.25,3.25,6,21.71,44.56,21.71,57.38,44.56,57.38,,,0,9,ACHARD ALEX,0,1,12,11.72,9,A,100000,MdSpWt,20251212,,5,S,2.00,2.00,2,0.00,CANTERVILLE,119,89,,,9,,1.50,1.50,2,D,1.50,GHETTO FANCY,119,TP,FT,11,ENNIS JOHN,Lunged st/drew clear,119,2.25,GREAT WHITE,119
CD,2026-05-02,12,22,OCELLI,1,BON,,74,82,90,86,13,13,90,AQU,,21,1980,WoodMem-G2,,04-04-26 Brk out;bmpd;3-4p1st;settled out;urged 4-5p2nd;6p1/4;up show,0,111.71,1.25,1.25,3,9.00,9.00,10,47.3,72.04,22.92,98.41,47.30,,72.04,98.41,0,8,RAMOS JOSEPH D,0,3,12,28.21,5,,750000,WoodMem-G2,20260404,Wood Memorial S. Presented by Resorts World Casino,12,G2,6.50,6.50,7,0.06,RIGHT TO PARTY,123,78,12.00,12.00,9,,1.00,1.00,4,D,1.25,OCELLI,123,AQU,FT,18,BECKMAN D WHITWORTH,Bmp st;3-5p trns;6p1/4,123,1.25,ALBUS,123
CD,2026-05-02,12,22,OCELLI,2,BON,,83,74,81,100,-13,-16,92,CNL,,35,1980,VADerbyB500k,b,03-14-26 Outpaced five wide; moved closer turn; three wide stretch; flat,0,107.76,7.00,7.00,6,2.50,2.50,6,47.15,71.33,23.49,95.74,47.15,,71.33,95.74,0,2,RAMOS JOSEPH D,0,6,10,7.20,9,,500000,VADerbyB500k,20260314,Virginia Derby Presented by New Kent County,9,N,1.50,1.50,4,0.25,GRITTINESS,123,87,2.25,2.25,7,,0.50,0.50,3,D,2.25,CONFESSIONAL,123,CNL,FT,6,BECKMAN D WHITWORTH,Drift out 1/16; flat,123,4.00,INCREDIBOLT,123
CD,2026-05-02,12,22,OCELLI,3,BON,,82,74,81,91,-10,-13,86,TAM,,21,1870,SFDavisL250k,b,02-07-26 4p1st;midpack outside;4p2nd;bid3/8;flatten,0,103.54,9.25,9.25,6,3.50,3.50,7,23.8,48.3,23.80,72.81,48.30,,72.81,97.57,0,7,CENTENO D E,0,6,9,19.80,5,,250000,SFDavisL250k,20260207,Sam F. Davis S.,11,N,1.50,1.50,3,2.25,WAYNE'S LAW,122,80,2.75,2.75,7,,3.75,3.75,6,D,1.75,THE PUMA,122,TAM,FT,9,BECKMAN D WHITWORTH,4p;bid3/8;flatten,122,3.75,RENEGADE,122
CD,2026-05-02,12,22,OCELLI,4,BON,,87,82,76,94,3,-6,85,FG,,28,1870,MdSpWt,b,01-17-26 Mid pack 3w; loomed 5w; drifted in; weakened late,0,105.03,1.75,1.75,3,3.50,3.50,6,23.45,47.88,23.45,73.49,47.88,,73.49,98.39,0,9,CURTIS BEN,1,3,12,3.50,12,,60000,MdSpWt,20260117,,8,S,2.50,2.50,5,0.50,KELZ,120,84,3.00,3.00,7,,0.13,0.13,2,D,3.00,OCELLI,120,FG,FT,11,BECKMAN D WHITWORTH,Loom5w; drift; wknd,120,1.25,REAGAN'S HONOR,120
CD,2026-05-02,12,22,OCELLI,5,AON,,78,82,78,89,4,0,83,FG,,27,1870,MdSpWt,,12-20-25 Mid pack; adv 2nd; 6p; rallied,0,104.83,1.75,1.75,2,3.50,3.50,7,24,47.72,24.00,72.8,47.72,,72.80,98.33,0,6,CURTIS BEN,1,2,12,5.50,6,,55000,MdSpWt,20251220,,12,S,3.75,3.75,6,1.50,OCELLI,120,84,4.25,4.25,8,,1.75,1.75,6,D,0.75,LIBERTY VALANCE,120,FG,FT,11,BECKMAN D WHITWORTH,Adv; 6w; rallied,120,1.75,THUNDER BUCK,120
CD,2026-05-02,12,22,OCELLI,6,AON,,91,95,,81,7,6,85,CD,,,1430,MdSpWt,,11-23-25 Step slow start;off pace 3p btwn;ins upper;ran on;edged show late,0,77.34,3.25,3.25,3,5.00,5.00,10,22.16,45.3,22.16,70.58,45.30,,70.58,,0,10,RAMOS JOSEPH D,0,3,12,15.42,3,,120000,MdSpWt,20251123,,10,S,4.75,4.75,7,1.75,BOSS DYLAN,119,84,,,10,,5.00,5.00,5,D,0.25,OCELLI,119,CD,FT,14,BECKMAN D WHITWORTH,Step slw;3p;ran on ins,119,1.50,MOB,119
CD,2026-05-02,12,23,ROBUSTA,1,BON,,88,100,103,66,6,0,85,SA,,28,1980,SADerby-G1,b,04-04-26 Bobbled; dueled outside; between 1/4; folded,0,109.01,16.00,16.00,7,0.13,,1,46.79,71.11,23.03,96.16,46.79,,71.11,96.16,0,3,JARAMILLO E,0,7,7,8.20,4,,500000,SADerby-G1,20260404,Santa Anita Derby,10,G1,0.13,0.13,2,6.75,POTENTE,124,77,0.13,0.13,2,,4.50,4.50,4,D,0.50,VITRUVIAN MAN,124,SA,FT,8,O'NEILL DOUG,Bobbled;duel2w;folded,124,2.75,SO HAPPY,124
CD,2026-05-02,12,23,ROBUSTA,2,BON,,91,99,110,81,10,13,97,SA,,28,1870,SnFelipe-G2,b,03-07-26 Up close 3deep; vied 3deep 2nd; led 1/4; cleared upper; nailed,0,102.92,0.13,0.13,2,1.00,1.00,3,22.88,46.62,22.88,70.42,46.62,,70.42,96.22,0,3,JARAMILLO E,0,2,7,67.30,7,,200000,SnFelipe-G2,20260307,San Felipe S. presented by DK Horse,8,G2,0.25,0.25,3,2.25,ROBUSTA,120,95,1.00,1.00,3,,1.00,,1,D,1.25,SO HAPPY,120,SA,FT,8,O'NEILL DOUG,Bid3deep;clear;nailed,120,0.13,POTENTE,120
CD,2026-05-02,12,23,ROBUSTA,3,BON,,84,84,94,79,-4,2,84,SA,,29,1760,RBLewis-G3,,02-07-26 Up close 4deep; pressed 3deep; chased 3wide; weakened,0,97.02,7.25,7.25,6,0.75,0.75,4,23.49,47.65,23.49,71.35,47.65,,71.35,,0,1,JARAMILLO E,0,6,7,36.20,6,,100000,RBLewis-G3,20260207,Robert B. Lewis S.,8,G3,1.00,1.00,3,3.25,INTREPIDO,124,82,0.75,0.75,4,,4.00,4.00,4,D,0.06,SECURED FREEDOM,120,SA,FT,11,O'NEILL DOUG,4-3deep; weakened,120,0.75,PLUTARCH,120
CD,2026-05-02,12,23,ROBUSTA,4,BON,,77,69,78,99,-17,-10,88,SA,,48,1760,MdSpWt,,01-09-26 Pace inside; cleared; kicked away 2nd; held,0,95.73,0.50,,1,1.00,,1,23.77,48.14,23.77,71.39,48.14,,71.39,,0,1,JARAMILLO E,1,1,5,24.80,3,,70000,MdSpWt,20260109,,3,S,2.00,,1,0.50,CHEROKEE NATION,122,96,1.00,,1,,1.50,,1,D,0.25,BLACKSMITH,122,SA,FT,8,O'NEILL DOUG,Kicked away; held late,122,0.50,ROBUSTA,122
CD,2026-05-02,12,23,ROBUSTA,5,AON,,85,92,,75,-7,-6,78,DMR,,,1430,MdSpWt,,11-22-25 Vied between; weakened,0,76.09,8.00,8.00,7,1.00,1.00,2,22.49,45,22.49,69.65,45.00,,69.65,,0,1,FREY KYLE,0,7,10,70.20,5,,60000,MdSpWt,20251122,,9,S,0.13,0.13,2,4.50,WINSTON AVE,122,85,,,1,,4.00,4.00,5,D,0.25,CACTUS CHARLIE,122,DMR,FT,14,O'NEILL DOUG,Vied between;weakened,122,0.75,SO HAPPY,122
CD,2026-05-02,12,24,CORONA DE ORO,1,BON,,85,83,89,84,-4,-1,86,KEE,,35,1870,Lexingtn-G3,,04-11-26 Bump st;set pace ins;vied ins foe 2nd;ins pair upr;bestd1/8;yield,0,104.51,3.00,3.00,3,0.50,,1,23.68,47.92,23.68,72.12,47.92,,72.12,97.71,0,6,HERNANDEZ B J JR,0,3,9,3.36,1,,400000,Lexingtn-G3,20260411,Stonestreet Lexington S.,10,G3,0.13,,1,0.75,THE HELL WE DID,123,90,0.50,,1,,0.25,0.25,3,D,4.00,CORONA DE ORO,123,KEE,FT,12,STEWART DALLAS,Ins;ins pair upr;yield,123,2.25,TRENDSETTER,123
CD,2026-05-02,12,24,CORONA DE ORO,2,BUN,,87,90,90,90,2,-1,91,FG,,42,1870,MdSpWt,,03-07-26 Off step slow; sent; disputed pace two wide; shook free; drew off,1,102.80,4.50,,1,0.13,,1,23.62,47.18,23.62,71.7,47.18,,71.70,96.09,0,4,HERNANDEZ B J JR,1,1,5,0.60,3,,54000,MdSpWt,20260307,,2,S,0.13,,1,2.75,CROMWELL,125,97,0.13,,1,,4.00,,1,D,0.00,DIAMOND EYED JACK,125,FG,FT,0,STEWART DALLAS,Stp slw;sent;drew off,117,4.50,CORONA DE ORO,117
CD,2026-05-02,12,24,CORONA DE ORO,3,BON,,85,84,,98,-5,-9,88,FG,,100,1320,MdSpWt,,01-24-26 Tracked between; moved up to press4w; gamely,1,69.84,0.50,0.50,2,2.00,2.00,3,22.38,45.89,22.38,57.61,45.89,57.61,,,0,7,HERNANDEZ B J JR,1,2,8,2.30,3,,54000,MdSpWt,20260124,,7,S,2.50,2.50,4,8.50,CORONA DE ORO,120,92,,,7,,0.50,0.50,2,D,0.75,SPECIAL OPS,120,FG,FT,10,STEWART DALLAS,Track; press4w; gamely,120,0.50,NOBLE AFFAIR,120
CD,2026-05-02,12,24,CORONA DE ORO,4,AON,,89,91,,84,0,-3,84,KEE,,34,1540,MdSpWt,,10-16-25 Chased 2p; up show btwn 3/16; stayed on,0,83.84,6.25,6.25,3,2.50,2.50,5,22.31,45.5,22.31,70.61,45.50,,70.61,,0,10,LEPAROUX JULIEN R,0,3,11,16.38,1,,110000,MdSpWt,20251016,,3,S,3.50,3.50,5,3.25,GRAND SLAM SAM,119,82,,,10,,4.00,4.00,3,D,3.50,CORONA DE ORO,119,KEE,FT,13,STEWART DALLAS,Chsd 2p;up shw btw3/16,119,3.00,CONFESSIONAL,119
CD,2026-05-02,12,24,CORONA DE ORO,5,AON,,78,73,,87,-9,-8,69,CD,,,1320,MdSpWt,,09-12-25 Chased 4p; 6p upper; mildly; lacked bid,0,70.90,4.75,4.75,7,2.25,2.25,6,23.05,46.42,23.05,58.11,46.42,58.11,,,0,9,HERNANDEZ B J JR,0,7,12,26.92,4,,120000,MdSpWt,20250912,,8,S,5.00,5.00,7,0.50,FUZZBUSTER,119,81,,,9,,6.00,6.00,6,D,0.13,STABLE HERO,119,CD,FT,11,STEWART DALLAS,4p;6p upr;mild;no bid,119,2.75,CABOURG,119
CD,2026-05-02,12,3,INTREPIDO,1,BON,,83,95,99,82,6,0,92,SA,,56,1980,SADerby-G1,,04-04-26 Away quickly; 4deep trip; flattened,0,109.01,10.00,10.00,4,2.25,2.25,6,46.79,71.11,23.03,96.16,46.79,,71.11,96.16,0,1,BERRIOS HECTOR ISAAC,0,4,7,3.50,7,,500000,SADerby-G1,20260404,Santa Anita Derby,10,G1,2.00,2.00,4,6.75,POTENTE,124,83,2.75,2.75,6,,3.50,3.50,3,D,0.50,VITRUVIAN MAN,124,SA,FT,8,MULLINS JEFF,4deep trip; flattened,124,2.75,SO HAPPY,124
CD,2026-05-02,12,3,INTREPIDO,2,BON,,85,85,96,90,-4,2,93,SA,,99,1760,RBLewis-G3,,02-07-26 Vied inside; dueled; game 2nd,0,97.02,0.75,0.75,2,0.13,0.13,2,23.49,47.65,23.49,71.35,47.65,,71.35,,0,2,BERRIOS HECTOR ISAAC,0,2,7,4.10,4,,100000,RBLewis-G3,20260207,Robert B. Lewis S.,8,G3,0.13,0.13,2,3.25,INTREPIDO,124,88,0.13,,1,,0.50,0.50,2,D,0.06,SECURED FREEDOM,120,SA,FT,11,MULLINS JEFF,Vie ins;duel;game 2nd,124,0.75,PLUTARCH,120
CD,2026-05-02,12,3,INTREPIDO,3,AOC,,75,81,92,91,-5,-4,92,DMR,,27,1870,BCJuvnle-G1,,10-31-25 Off slow; unhurried toward inside; lacked a response,0,102.25,10.00,10.00,5,4.00,4.00,6,23.46,46.99,23.46,70.82,46.99,,70.82,95.76,0,6,BERRIOS HECTOR ISAAC,0,5,6,5.60,1,,2000000,BCJuvnle-G1,20251031,FanDuel Breeders' Cup Juvenile Presented by Thoroughbred Aftercare Alliance,9,G1,4.00,4.00,5,0.50,MR. A. P.,122,91,5.00,5.00,6,,6.50,6.50,5,D,0.25,BRANT,122,DMR,FT,3,MULLINS JEFF,Off slow; empty,122,1.00,TED NOFFEY,122
CD,2026-05-02,12,3,INTREPIDO,4,AON,,89,92,100,95,3,3,99,SA,,42,1870,AmPharoh-G1,,10-04-25 Broke in; stalked 2wide; steadied bit 1st; boxed 2nd; late surge,0,103.67,0.75,,1,1.75,1.75,4,22.83,46.76,22.83,70.97,46.76,,70.97,97.03,0,3,BERRIOS HECTOR ISAAC,0,1,6,8.80,2,,300000,AmPharoh-G1,20251004,American Pharoah S. Presented by DK Horse,3,G1,1.25,1.25,4,0.06,DESERT GATE,122,91,1.00,1.00,3,,2.00,2.00,3,D,5.75,PLUTARCH,122,SA,FT,10,MULLINS JEFF,Steadied1st;boxed 2nd,122,0.75,INTREPIDO,122
CD,2026-05-02,12,3,INTREPIDO,5,AON,,76,67,78,101,-20,-11,89,DMR,,28,1760,MdSpWt,,08-23-25 Dueled inside; cleared 1/4; drew away; lost crop late,0,95.71,3.25,,1,0.13,0.13,2,23.14,47.34,23.14,71.13,47.34,,71.13,,0,1,BERRIOS HECTOR ISAAC,0,1,5,2.40,3,,100000,MdSpWt,20250823,,1,S,1.00,,1,0.75,PLUTARCH,122,97,0.13,,1,,2.50,,1,D,10.50,PROVENANCE,122,DMR,FT,3,MULLINS JEFF,Inside;lost crop late,122,3.25,INTREPIDO,122
CD,2026-05-02,12,3,INTREPIDO,6,AON,,83,84,,88,-2,-5,79,DMR,,,1210,MdSpWt,,07-26-25 Step slow/broke in; 2-3wide; improved,0,62.63,9.75,9.75,4,5.75,5.75,8,21.56,44.78,21.56,56.46,44.78,56.46,,,0,9,LEPAROUX JULIEN R,0,4,9,24.10,4,,100000,MdSpWt,20250726,,4,S,7.25,7.25,8,3.50,CIVIL LIBERTY,122,86,,,9,,8.00,8.00,6,D,1.00,BALBOA,122,DMR,FT,4,MULLINS JEFF,Step slow/brk in;2-3wd,122,5.25,BRANT,122
CD,2026-05-02,12,4,LITMUS TEST,1,BON,,81,82,80,85,-3,-7,83,OP,,27,1980,ArkDerby-G1,,03-28-26 Slipped brk; 4w 1st; continued outside; little for drive,0,109.70,12.50,12.50,7,3.00,3.00,6,47.8,72.52,23.25,97.86,47.80,,72.52,97.86,0,7,ARRIETA FRANCISCO,0,7,8,4.50,8,,1500000,ArkDerby-G1,20260328,Arkansas Derby,13,G1,4.75,4.75,8,2.00,SILENT TACTIC,124,83,3.50,3.50,6,,7.50,7.50,7,D,1.25,TAPTASTIC,121,OP,FT,10,BAFFERT BOB,Slip brk;4w;lttle left,124,4.00,RENEGADE,124
CD,2026-05-02,12,4,LITMUS TEST,2,BON,,91,94,91,82,5,-2,87,OP,,78,1870,Rebel-G2,b,03-01-26 Narrowly showed way inside; clear; no match top two stretch,1,103.21,5.25,5.25,3,1.50,,1,23.06,46.62,23.06,71.77,46.62,,71.77,96.99,0,5,PRAT FLAVIEN,0,3,9,1.50,1,,1000000,Rebel-G2,20260301,Rebel S.,11,G2,0.13,,1,5.25,SILENT TACTIC,124,88,0.50,,1,,1.00,1.00,3,D,2.75,LITMUS TEST,121,OP,FT,6,BAFFERT BOB,Legit pace;no mtchtop2,121,0.06,CLASS PRESIDENT,119
CD,2026-05-02,12,4,LITMUS TEST,3,AON,,89,87,94,84,2,5,90,LRC,,43,1870,LosAlFut-G2,b,12-13-25 Paused early; stalked 2wide; bid outside; proved best,1,102.38,1.25,,1,1.00,1.00,2,23.26,46.67,23.26,70.43,46.67,,70.43,95.85,0,4,HERNANDEZ JUAN J,0,1,6,0.60,3,,200000,LosAlFut-G2,20251213,Los Alamitos Futurity,8,G2,0.50,0.50,2,3.50,BLACKSMITH,120,97,1.00,1.00,2,,0.50,,1,D,11.50,PROVENANCE,120,LRC,FT,15,BAFFERT BOB,Stalk;bid outside;best,120,1.25,LITMUS TEST,120
CD,2026-05-02,12,4,LITMUS TEST,4,AOC,,78,85,96,104,-5,-4,102,DMR,,27,1870,BCJuvnle-G1,b,10-31-25 Stalked in hand; came 3w; failed to make headway,0,102.25,1.75,1.75,4,2.00,2.00,4,23.46,46.99,23.46,70.82,46.99,,70.82,95.76,0,5,ORTIZ JOSE L,0,4,6,21.70,4,,2000000,BCJuvnle-G1,20251031,FanDuel Breeders' Cup Juvenile Presented by Thoroughbred Aftercare Alliance,9,G1,2.00,2.00,4,0.50,MR. A. P.,122,99,3.50,3.50,4,,3.00,3.00,4,D,0.25,BRANT,122,DMR,FT,3,BAFFERT BOB,Failed to make headway,122,1.00,TED NOFFEY,122
CD,2026-05-02,12,4,LITMUS TEST,5,AON,,83,83,91,89,-8,-6,91,KEE,,27,1870,BrdrsFut-G1,b,10-04-25 Set pace 2p-ins; ins winner; headed 1/4; yielded,0,103.98,5.00,5.00,3,0.50,,1,23.96,48.23,23.96,72.62,48.23,,72.62,97.43,0,1,PRAT FLAVIEN,0,3,6,9.59,5,,650000,BrdrsFut-G1,20251004,Claiborne Breeders' Futurity,9,G1,0.13,,1,2.25,BLACKOUT TIME,122,91,1.00,,1,,2.50,2.50,3,D,6.75,LITMUS TEST,122,KEE,FT,4,BAFFERT BOB,Ins winner; yielded,122,2.75,TED NOFFEY,122
CD,2026-05-02,12,4,LITMUS TEST,6,AON,,89,96,,89,-2,-5,92,DMR,,22,1540,DMrFut-G1,b,09-07-25 Tracked widest; 5-3wide; lugged in/bumped midstr; edged 3rd,0,81.92,4.25,4.25,4,3.00,3.00,4,21.88,44.53,21.88,69.11,44.53,,69.11,,0,4,GAFFALIONE TYLER,0,4,6,15.00,6,,300000,DMrFut-G1,20250907,Del Mar Futurity,4,G1,1.50,1.50,3,3.25,DESERT GATE,123,90,,,4,,2.50,2.50,3,D,0.06,CIVIL LIBERTY,118,DMR,FT,8,BAFFERT BOB,5-3w;drft in/bp midstr,120,1.00,BRANT,120
CD,2026-05-02,12,4,LITMUS TEST,7,AON,,93,98,,86,1,0,90,DMR,,,1210,MdSpWt,b,08-16-25 Up close between; chased 2-3wide; led; held well,1,63.64,0.75,,1,1.00,1.00,3,21.52,44.9,21.52,57.31,44.90,57.31,,,0,1,HERNANDEZ JUAN J,0,1,7,1.10,2,,100000,MdSpWt,20250816,,3,S,1.50,1.50,2,5.75,FALCON JET,122,91,,,1,,0.50,,1,D,6.50,SENDIT MO,122,DMR,FT,13,BAFFERT BOB,Btw;2-3w;led;hld well,122,0.75,LITMUS TEST,122
CD,2026-05-02,12,5,RIGHT TO PARTY,1,BON,,71,77,84,92,13,13,90,AQU,,35,1980,WoodMem-G2,,04-04-26 Ins1st turn;well off pace;ins-2p2nd turn;3p1/4;angld out1/8;up2nd,0,111.71,1.25,1.25,2,11.00,11.00,11,47.3,72.04,22.92,98.41,47.30,,72.04,98.41,0,11,ELLIOTT CHRISTOPHER,0,2,12,38.72,3,,750000,WoodMem-G2,20260404,Wood Memorial S. Presented by Resorts World Casino,12,G2,9.50,9.50,10,0.06,RIGHT TO PARTY,123,78,13.00,13.00,10,,3.75,3.75,7,D,1.25,OCELLI,123,AQU,FT,18,MCPEEK KENNETH G,Ins-2p;3p1/4;angld out,123,1.25,ALBUS,123
CD,2026-05-02,12,5,RIGHT TO PARTY,2,BON,,78,88,96,79,14,16,86,AQU,,49,1760,Gotham-G3,,02-28-26 Bumped; squeezed out st; chased 2p; 8-9w upper; improved,0,97.94,7.50,7.50,3,7.50,7.50,8,23.09,46.3,23.09,71.45,46.30,,71.45,,0,8,ELLIOTT CHRISTOPHER,0,3,8,9.29,5,,300000,Gotham-G3,20260228,Gotham S.,10,G3,7.50,7.50,8,6.50,CROWN THE BUCKEYE,123,70,8.75,8.75,8,,7.50,7.50,4,D,2.50,RIGHT TO PARTY,123,AQU,GD,24,MCPEEK KENNETH G,Squeezed st; improved,123,1.00,IRON HONOR,123
CD,2026-05-02,12,5,RIGHT TO PARTY,3,BON,,83,86,89,79,12,11,82,AQU,,28,1760,MdSpWt,,01-10-26 Bmp soundly brk;settled;gain ins-2p turn;4p1/4;mvd out;rallied;up,0,100.41,1.50,,1,4.25,4.25,7,23.43,46.94,23.43,72.98,46.94,,72.98,,0,7,GUTIERREZ REYLU,0,1,7,2.87,5,,80000,MdSpWt,20260110,,6,S,2.00,2.00,3,1.00,DR. SINATRA,122,65,3.75,3.75,7,,1.50,1.50,3,D,9.75,FELONIOUS,122,AQU,FT,30,MCPEEK KENNETH G,Bmp brk;ins-2p;4p1/4,122,1.50,RIGHT TO PARTY,122
CD,2026-05-02,12,5,RIGHT TO PARTY,4,AON,,81,89,,89,1,-1,84,AQU,,,1320,MdSpWt,,12-13-25 Angled in 5/8;urged along;2p turn;best of rest,0,71.23,9.00,9.00,3,8.50,8.50,6,22.79,46.5,22.79,58.71,46.50,58.71,,,0,5,ELLIOTT CHRISTOPHER,0,3,7,7.75,6,,85000,MdSpWt,20251213,,3,S,7.50,7.50,6,7.50,CROSSINGTHECHANNEL,119,79,,,5,,7.75,7.75,5,D,2.75,RIGHT TO PARTY,119,AQU,FT,19,MCPEEK KENNETH G,Angled in 5/8;2p turn,119,1.50,IRON HONOR,119
CD,2026-05-02,12,6,COMMANDMENT,1,BON,,73,66,75,121,-18,-19,100,GP,,28,1980,FlaDerby-G1,,03-28-26 Off pace inside; 3wd far turn; 5wd upper; closed determinedly; up,0,109.99,0.06,,1,4.00,4.00,6,48.8,73,24.10,97.32,48.80,,73.00,97.32,0,5,PRAT FLAVIEN,0,1,6,1.90,3,,1000000,FlaDerby-G1,20260328,Curlin Florida Derby presented by Hill 'n' Dale Farms at Xalapa,14,G1,3.00,3.00,6,0.50,THE PUMA,123,91,3.50,3.50,5,,2.00,2.00,4,D,2.75,CHIEF WALLABEE,123,GP,FT,13,COX BRAD H,3-5wd; determinedly,123,0.06,COMMANDMENT,123
CD,2026-05-02,12,6,COMMANDMENT,2,BON,,86,92,98,104,4,0,103,GP,,56,1870,FntnOYth-G2,,02-28-26 Bumped start; 2wd turns; rail 1/4; even terms upper; drift out,1,103.33,0.25,,1,3.00,3.00,5,23.16,46.89,23.16,71.47,46.89,,71.47,96.67,0,6,ORTIZ IRAD JR,0,1,9,2.40,3,,425000,FntnOYth-G2,20260228,Coolmore Fountain of Youth S.,14,G2,2.25,2.25,5,2.00,CHIEF WALLABEE,120,93,3.00,3.00,5,,0.25,0.25,3,D,8.75,SOLITUDE DUDE,122,GP,FT,13,COX BRAD H,Bump st;2wd;drift late,122,0.25,COMMANDMENT,122
CD,2026-05-02,12,6,COMMANDMENT,3,BON,,87,89,93,98,5,1,96,GP,,63,1760,MuchoMManL175k,,01-03-26 Settled 2wd; split 3wd 1/4; burst clear; ridden out,1,98.23,6.75,,1,3.00,3.00,4,24.09,47.38,24.09,72.45,47.38,,72.45,,0,6,ORTIZ IRAD JR,0,1,7,0.50,1,,175000,MuchoMManL175k,20260103,Mucho Macho Man S.,10,N,1.75,1.75,5,1.75,ROGER THAT DANA,118,82,3.00,3.00,4,,1.00,,1,D,2.50,THUNDER CHUCK,118,GP,FT,18,COX BRAD H,Split 3w1/4;ridden out,118,6.75,COMMANDMENT,118
CD,2026-05-02,12,6,COMMANDMENT,4,AON,,96,102,,75,7,10,86,CD,,28,1540,MdSpWt,,11-01-25 Step slow start;closer 5/8;stalked ins;bump/split foes upr;cleard,1,84.63,5.25,,1,2.25,2.25,5,22.41,45.44,22.41,70.99,45.44,,70.99,,0,7,TORRES JAIME A,0,1,9,1.49,4,,120000,MdSpWt,20251101,,6,S,2.00,2.00,3,1.25,TAGERMEEN,119,80,,,7,,1.00,,1,D,3.25,ONE REWARD,119,CD,FT,17,COX BRAD H,Step slw;ins;forge btw,119,5.25,COMMANDMENT,119
CD,2026-05-02,12,6,COMMANDMENT,5,AON,,78,82,,96,-4,-7,84,KEE,,,1320,MdSpWt,,10-04-25 Far back ins; saved ground; advanced 1/4; shift 5p1/8; ran on,1,70.23,5.25,5.25,4,6.25,6.25,11,22.75,46.05,22.75,57.89,46.05,57.89,,,0,6,ORTIZ IRAD JR,0,4,12,2.63,2,,110000,MdSpWt,20251004,,2,S,6.00,6.00,6,1.00,ROCKIES BALBOA,119,85,,,6,,6.00,6.00,5,D,3.00,GALLIVANT,119,KEE,FT,11,COX BRAD H,Svd grnd;5p1/8;ran on,119,1.25,LOCAL KNOWLEDGE,119
CD,2026-05-02,12,7,DANON BOURBON,1,BON,,,,,,,,,NAK,,41,1968,Fukuryu S.226k,,,1,110.90,3.50,,1,,,,,,,,,,,,0,,*NISHIMURA A.,0,1,10,1.10,5,,225833,Fukuryu S.226k,20260328,Fukuryu S.,10,N,,,,0.25,DON ERECTUS,126,0,,,,,,,,D,1.25,CHARLIE,126,NAK,MY,0,*IKEZOE M.,,126,3.50,DANON BOURBON,126
CD,2026-05-02,12,7,DANON BOURBON,2,BON,,,,,,,,,KYO,,112,2078,Alw102200,,,1,120.90,5.00,,1,,,,,,,,,,,,0,,*NISHIMURA A.,0,1,9,0.90,8,,102224,Alw102200,20260215,,4,A,,,,0.50,ALLEN STAR,126,0,,,,,,,,D,1.00,T M GOGH,126,KYO,FT,0,*IKEZOE M.,,126,5.00,DANON BOURBON,126
CD,2026-05-02,12,7,DANON BOURBON,3,AON,,,,,,,,,KYO,,,1968,MdSpWt,,,0,111.90,10.00,,1,,,,,,,,,,,,0,,*MATSUYAMA K.,0,1,16,4.40,8,,93256,MdSpWt,20251026,,4,S,,,,2.50,FIRE SPIRIT,123,0,,,,,,,,D,0.50,KITANO SHAKUR,123,KYO,MY,0,*IKEZOE M.,,123,10.00,DANON BOURBON,123
CD,2026-05-02,12,8,SO HAPPY,1,BON,,85,97,101,100,6,0,103,SA,,28,1980,SADerby-G1,,04-04-26 Stalked 3deep; bid 3deep; drove clear,0,109.01,2.75,,1,1.50,1.50,3,46.79,71.11,23.03,96.16,46.79,,71.11,96.16,0,4,SMITH M E,0,1,7,7.30,5,,500000,SADerby-G1,20260404,Santa Anita Derby,10,G1,1.00,1.00,3,6.75,POTENTE,124,93,1.50,1.50,3,,0.13,,1,D,0.50,VITRUVIAN MAN,124,SA,FT,8,GLATT MARK,3wd;bid3deep;drove clr,124,2.75,SO HAPPY,124
CD,2026-05-02,12,8,SO HAPPY,2,BON,,93,101,110,77,10,13,94,SA,,56,1870,SnFelipe-G2,,03-07-26 Dueled outside; vied between; yielded upper; held 3rd,0,102.92,2.50,2.50,3,0.13,0.13,2,22.88,46.62,22.88,70.42,46.62,,70.42,96.22,0,4,SMITH M E,0,3,7,2.10,6,,200000,SnFelipe-G2,20260307,San Felipe S. presented by DK Horse,8,G2,0.13,0.13,2,2.25,ROBUSTA,120,93,0.13,0.13,2,,1.00,1.00,2,D,1.25,SO HAPPY,120,SA,FT,8,GLATT MARK,Outsd;btwn2nd;yielded,120,0.13,POTENTE,120
CD,2026-05-02,12,8,SO HAPPY,3,BON,,88,101,,97,-4,1,101,SA,,49,1540,SnVicnte-G2,,01-10-26 Brushed start; tight early; chased 2wide; best late,0,81.12,2.00,,1,2.50,2.50,3,22.03,43.56,22.03,68.41,43.56,,68.41,,0,4,SMITH M E,0,1,5,2.90,2,,200000,SnVicnte-G2,20260110,San Vicente S.,5,G2,3.00,3.00,3,2.25,BUETANE,120,99,,,4,,0.13,0.13,2,D,3.25,ACKNOWLEDGEMEPLZ,120,SA,FT,6,GLATT MARK,Bpd st;stdy early;2wd,120,2.00,SO HAPPY,120
CD,2026-05-02,12,8,SO HAPPY,4,AON,,84,90,,94,-7,-6,90,DMR,,,1430,MdSpWt,,11-22-25 Chased 5deep; bid 5-3wide; cleared; held,0,76.09,0.75,,1,1.50,1.50,4,22.49,45,22.49,69.65,45.00,,69.65,,0,6,SMITH M E,0,1,10,38.00,8,,60000,MdSpWt,20251122,,9,S,1.25,1.25,4,4.50,WINSTON AVE,122,93,,,6,,0.50,,1,D,0.25,CACTUS CHARLIE,122,DMR,FT,14,GLATT MARK,Bid5-3w;cleared;held,122,0.75,SO HAPPY,122
CD,2026-05-02,12,9,THE PUMA,1,BON,,72,68,79,117,-18,-19,100,GP,,21,1980,FlaDerby-G1,,03-28-26 Off bit slow; 3-4wd; led 1/4 to final strides; most hand urged,0,109.99,0.06,0.06,2,3.00,3.00,5,48.8,73,24.10,97.32,48.80,,73.00,97.32,0,6,CASTELLANO J J,0,2,6,7.90,6,,1000000,FlaDerby-G1,20260328,Curlin Florida Derby presented by Hill 'n' Dale Farms at Xalapa,14,G1,1.00,1.00,3,0.50,THE PUMA,123,91,4.00,4.00,6,,0.50,,1,D,2.75,CHIEF WALLABEE,123,GP,FT,13,DELGADO GUSTAVO,Bit slo;4w move;nailed,123,0.06,COMMANDMENT,123
CD,2026-05-02,12,9,THE PUMA,2,BON,,81,85,91,93,4,0,93,TAM,,28,1870,TamDby-G3,,03-07-26 4p1st;off pace outside;bid3/8;5p2nd;duel;drift;bmp;up,0,103.23,0.75,,1,4.25,4.25,8,23.07,46.68,23.07,71.27,46.68,,71.27,96.47,0,6,CASTELLANO J J,0,1,9,7.40,8,,400000,TamDby-G3,20260307,ESMARK Tampa Bay Derby,11,G3,0.75,0.75,5,0.13,FURTHER ADO,122,90,5.75,5.75,9,,0.13,,1,D,2.00,CANALETTO,122,TAM,FT,8,DELGADO GUSTAVO,4-5p;drift;duel;bmp;up,122,0.75,THE PUMA,122
CD,2026-05-02,12,9,THE PUMA,3,BON,,82,77,80,98,-10,-13,90,TAM,,28,1870,SFDavisL250k,,02-07-26 Brsh brk;2p1st;chase btwn;2p2nd;kept on;no match,0,103.54,6.00,6.00,3,2.00,2.00,4,23.8,48.3,23.80,72.81,48.30,,72.81,97.57,0,2,GONZALEZ EDWIN,0,3,9,2.60,3,,250000,SFDavisL250k,20260207,Sam F. Davis S.,11,N,1.50,1.50,4,2.25,WAYNE'S LAW,122,83,2.50,2.50,5,,2.00,2.00,3,D,1.75,THE PUMA,122,TAM,FT,9,DELGADO GUSTAVO,Chase;2p;no match,122,3.75,RENEGADE,122
CD,2026-05-02,12,9,THE PUMA,4,BON,,89,94,,94,-7,-9,94,GP,,,1540,MdSpWt,,01-10-26 Off slowly; rushed up; bid 4 wide; clear 1/4;headed 1/8;2nd best,1,83.35,1.50,1.50,2,0.25,0.25,4,22.92,45.76,22.92,71.34,45.76,,71.34,,0,8,CASTELLANO J J,0,2,8,2.10,5,,84000,MdSpWt,20260110,,4,S,0.13,,1,9.25,THE PUMA,122,90,,,8,,0.13,,1,D,1.75,AL ARQRAAH,122,GP,FT,12,DELGADO GUSTAVO,Off slow;bid4w;2d best,122,1.50,CHIEF WALLABEE,122
